dataset,model,eval_metrics/MSE[mean],eval_metrics/MSE[0.5],eval_metrics/MAE[0.5],eval_metrics/MASE[0.5],eval_metrics/MAPE[0.5],eval_metrics/sMAPE[0.5],eval_metrics/MSIS,eval_metrics/RMSE[mean],eval_metrics/NRMSE[mean],eval_metrics/ND[0.5],eval_metrics/mean_weighted_sum_quantile_loss,domain,num_variates
kdd_cup_2018/H/short,SLSQPEnsemble_4-models_opt-mae_1-windows,4032.766984584987,4032.766984584987,19.513415938767537,0.8072167729070633,0.7627416535815019,0.4393019378253152,8.271193149200355,63.50407061429202,1.329255208233191,0.4084511357479771,0.3375060646841023,Nature,1
kdd_cup_2018/H/short,SLSQPEnsemble_4-models_opt-mae_1-windows,4080.703912742775,4080.703912742775,19.289784299157635,0.7987733068545806,0.7545172679740852,0.4368791600623065,10.087330127492622,63.88038754377415,1.33713220310331,0.403770120518533,0.3428513675686583,Nature,1
kdd_cup_2018/H/short,SLSQPEnsemble_4-models_opt-mae_1-windows,4080.703912742775,4080.703912742775,19.289784299157635,0.7987733068545806,0.7545172679740852,0.4368791600623065,10.087330127492622,63.88038754377415,1.33713220310331,0.403770120518533,0.3428513675686583,Nature,1
