dataset,model,eval_metrics/MSE[mean],eval_metrics/MSE[0.5],eval_metrics/MAE[0.5],eval_metrics/MASE[0.5],eval_metrics/MAPE[0.5],eval_metrics/sMAPE[0.5],eval_metrics/MSIS,eval_metrics/RMSE[mean],eval_metrics/NRMSE[mean],eval_metrics/ND[0.5],eval_metrics/mean_weighted_sum_quantile_loss,domain,num_variates
jena_weather/10T/short,SLSQPEnsemble_4-models_opt-mae_1-windows,716.9896575440993,716.9896575440993,5.53871748659847,0.2903715886343174,0.3220748234007246,0.5463271093098919,2.150007605618533,26.776662554248603,0.1663166342258549,0.0344023773848837,0.0278939977216566,Nature,21
jena_weather/10T/short,SLSQPEnsemble_4-models_opt-mae_1-windows,759.8355142480891,759.8355142480891,5.208748613276141,0.2818577150522569,0.3033487482138762,0.5496431183502284,2.1927875785688697,27.5651140800848,0.1712139063844611,0.0323528571245045,0.0264606517926598,Nature,21
jena_weather/10T/short,SLSQPEnsemble_4-models_opt-mae_1-windows,759.8355142480891,759.8355142480891,5.208748613276141,0.28185771505225693,0.30334874821387625,0.5496431183502284,2.1927875785688697,27.565114080084797,0.17121390638446118,0.032352857124504586,0.026460651792659863,Nature,21
