dataset,model,eval_metrics/MSE[mean],eval_metrics/MSE[0.5],eval_metrics/MAE[0.5],eval_metrics/MASE[0.5],eval_metrics/MAPE[0.5],eval_metrics/sMAPE[0.5],eval_metrics/MSIS,eval_metrics/RMSE[mean],eval_metrics/NRMSE[mean],eval_metrics/ND[0.5],eval_metrics/mean_weighted_sum_quantile_loss,domain,num_variates
ett1/15T/short,SLSQPEnsemble_4-models_opt-mae_1-windows,4.229774667129604,4.229774667129604,1.028352295610978,0.6619641079836014,0.4801761171871736,0.2306926583818121,4.678262624173296,2.0566415990953804,0.3887908702578075,0.1944013891958937,0.1516560725533978,Energy,7
ett1/15T/short,SLSQPEnsemble_4-models_opt-mae_1-windows,4.229774667129604,4.229774667129604,1.028352295610978,0.6619641079836014,0.4801761171871736,0.2306926583818121,4.678262624173296,2.0566415990953804,0.3887908702578075,0.1944013891958937,0.1516560725533978,Energy,7
ett1/15T/short,SLSQPEnsemble_4-models_opt-mae_1-windows,4.415730638992397,4.415730638992397,1.0313853616764144,0.6618801122638729,0.4865510859982705,0.2297144200523956,4.710347381596681,2.101363994883418,0.397245264638478,0.1949747649341113,0.152592349626029,Energy,7
ett1/15T/short,SLSQPEnsemble_4-models_opt-mae_1-windows,4.415730638992397,4.415730638992397,1.0313853616764144,0.6618801122638729,0.4865510859982705,0.2297144200523956,4.710347381596681,2.101363994883418,0.397245264638478,0.1949747649341113,0.152592349626029,Energy,7
ett1/15T/short,SLSQPEnsemble_4-models_opt-mae_1-windows,4.415730638992397,4.415730638992397,1.0313853616764144,0.6618801122638729,0.4865510859982705,0.2297144200523956,4.710347381596681,2.101363994883418,0.39724526463847804,0.19497476493411137,0.15259234962602902,Energy,7
