dataset,model,eval_metrics/MSE[mean],eval_metrics/MSE[0.5],eval_metrics/MAE[0.5],eval_metrics/MASE[0.5],eval_metrics/MAPE[0.5],eval_metrics/sMAPE[0.5],eval_metrics/MSIS,eval_metrics/RMSE[mean],eval_metrics/NRMSE[mean],eval_metrics/ND[0.5],eval_metrics/mean_weighted_sum_quantile_loss,domain,num_variates
ett2/15T/long,SLSQPEnsemble_4-models_opt-mae_1-windows,10.84274242917528,10.84274242917528,2.133116293472555,0.8980628490893069,0.1382287282558444,0.1658625105426979,7.32191202093381,3.29283197706401,0.1754809765158786,0.1136776284996636,0.0914475582789884,Energy,7
ett2/15T/long,SLSQPEnsemble_4-models_opt-mae_1-windows,10.827538565044028,10.827538565044028,2.111873273609058,0.8891518534804681,0.136209799387265,0.1636105352909228,7.06265482844031,3.290522536778016,0.1753579022626478,0.1125455495184833,0.0900528862273641,Energy,7
ett2/15T/long,SLSQPEnsemble_4-models_opt-mae_1-windows,10.827538565044028,10.827538565044028,2.1118732736090586,0.8891518534804681,0.13620979938726502,0.16361053529092284,7.06265482844031,3.290522536778016,0.17535790226264789,0.1125455495184833,0.09005288622736413,Energy,7
