dataset,model,eval_metrics/MSE[mean],eval_metrics/MSE[0.5],eval_metrics/MAE[0.5],eval_metrics/MASE[0.5],eval_metrics/MAPE[0.5],eval_metrics/sMAPE[0.5],eval_metrics/MSIS,eval_metrics/RMSE[mean],eval_metrics/NRMSE[mean],eval_metrics/ND[0.5],eval_metrics/mean_weighted_sum_quantile_loss,domain,num_variates
electricity/H/long,SLSQPEnsemble_4-models_opt-mae_1-windows,8446079.755633084,8446079.755633084,261.9179705836568,1.0881924987382017,0.2748206497866131,0.1351273908487553,15.392234294115935,2906.2139899933527,1.1462099563986046,0.1033003717814292,0.0857146352054675,Energy,1
electricity/H/long,SLSQPEnsemble_4-models_opt-mae_1-windows,8709953.695323732,8709953.695323732,257.346066282721,1.071563481125953,0.27336191082333,0.1343058036017234,16.929668708253693,2951.26306779381,1.1639772996428566,0.1014972140485583,0.0878112380762941,Energy,1
electricity/H/long,SLSQPEnsemble_4-models_opt-mae_1-windows,8709953.695323732,8709953.695323732,257.346066282721,1.071563481125953,0.27336191082333,0.13430580360172345,16.929668708253693,2951.26306779381,1.1639772996428566,0.1014972140485583,0.08781123807629417,Energy,1
