dataset,model,eval_metrics/MSE[mean],eval_metrics/MSE[0.5],eval_metrics/MAE[0.5],eval_metrics/MASE[0.5],eval_metrics/MAPE[0.5],eval_metrics/sMAPE[0.5],eval_metrics/MSIS,eval_metrics/RMSE[mean],eval_metrics/NRMSE[mean],eval_metrics/ND[0.5],eval_metrics/mean_weighted_sum_quantile_loss,domain,num_variates
m4_hourly/H/short,tempo_leak_test_data,1665945.7308776167,1665945.7308776167,282.36610518254327,1.8252298883226683,0.12798803823965568,0.11258803166437072,17.84625225839662,1290.7152013041516,0.17621112463266464,0.038549208146062906,0.03048255661653719,Econ/Fin,1
m4_hourly/H/short,tempo_leak_test_data,1665945.7308776167,1665945.7308776167,282.36610518254327,1.8252298883226683,0.12798803823965568,0.11258803166437072,17.84625225839662,1290.7152013041516,0.17621112463266464,0.038549208146062906,0.03048255661653719,Econ/Fin,1
