dataset,model,eval_metrics/MSE[mean],eval_metrics/MSE[0.5],eval_metrics/MAE[0.5],eval_metrics/MASE[0.5],eval_metrics/MAPE[0.5],eval_metrics/sMAPE[0.5],eval_metrics/MSIS,eval_metrics/RMSE[mean],eval_metrics/NRMSE[mean],eval_metrics/ND[0.5],eval_metrics/mean_weighted_sum_quantile_loss,domain,num_variates
ett1/H/medium,SLSQPEnsemble_4-models_opt-mae_1-windows,131.0382911495082,131.0382911495082,6.647328518365526,1.2625158585028582,3780563913214.436,0.4474365463186615,11.154537453522188,11.447195776674224,0.5482935422208172,0.3183912785930344,0.2560873643335197,Energy,7
ett1/H/medium,SLSQPEnsemble_4-models_opt-mae_1-windows,132.44026925236977,132.44026925236977,6.635306561368644,1.2502278471421484,3983943719254.432,0.4401819609325492,10.01713799953773,11.508269602871223,0.551218833720659,0.3178154553508323,0.2527701122613932,Energy,7
ett1/H/medium,SLSQPEnsemble_4-models_opt-mae_1-windows,132.44026925236977,132.44026925236977,6.635306561368644,1.2502278471421484,3983943719254.4316,0.4401819609325492,10.01713799953773,11.508269602871223,0.551218833720659,0.31781545535083233,0.25277011226139323,Energy,7
