dataset,model,eval_metrics/MSE[mean],eval_metrics/MSE[0.5],eval_metrics/MAE[0.5],eval_metrics/MASE[0.5],eval_metrics/MAPE[0.5],eval_metrics/sMAPE[0.5],eval_metrics/MSIS,eval_metrics/RMSE[mean],eval_metrics/NRMSE[mean],eval_metrics/ND[0.5],eval_metrics/mean_weighted_sum_quantile_loss,domain,num_variates
kdd_cup_2018/H/medium,SLSQPEnsemble_4-models_opt-mae_1-windows,4454.766534974815,4454.766534974815,20.76643331613593,0.8411616136614605,0.8252970183219658,0.4642771480664028,11.699664134819278,66.74403744885991,1.3970735387777615,0.4346790453453758,0.376786708868924,Nature,1
kdd_cup_2018/H/medium,SLSQPEnsemble_4-models_opt-mae_1-windows,4454.76509607864,4454.76509607864,20.766363861481107,0.841187468209313,0.8252709751438476,0.4642608627921272,11.695180233100146,66.74402666964767,1.3970733131493345,0.4346775915337079,0.376773498307456,Nature,1
kdd_cup_2018/H/medium,SLSQPEnsemble_4-models_opt-mae_1-windows,4454.7650960786395,4454.7650960786395,20.766363861481107,0.841187468209313,0.8252709751438476,0.46426086279212725,11.695180233100146,66.74402666964767,1.3970733131493345,0.43467759153370794,0.37677349830745605,Nature,1
