dataset,model,eval_metrics/MSE[mean],eval_metrics/MSE[0.5],eval_metrics/MAE[0.5],eval_metrics/MASE[0.5],eval_metrics/MAPE[0.5],eval_metrics/sMAPE[0.5],eval_metrics/MSIS,eval_metrics/RMSE[mean],eval_metrics/NRMSE[mean],eval_metrics/ND[0.5],eval_metrics/mean_weighted_sum_quantile_loss,domain,num_variates
jena_weather/H/long,SLSQPEnsemble_4-models_opt-mae_1-windows,1278.6396364125503,1278.6396364125503,11.219124723135932,0.936824477325613,1.959156526303335,0.6475379884063406,7.030019112012178,35.75807092689077,0.2153032042646282,0.0675515607895716,0.0553038530662324,Nature,21
jena_weather/H/long,SLSQPEnsemble_4-models_opt-mae_1-windows,1280.1168633527743,1280.1168633527743,11.243345634681916,0.9362810110903736,1.956809271892692,0.6473733256074143,6.959247132792005,35.778720817725926,0.215427539486,0.0676973975120481,0.0553529288495735,Nature,21
jena_weather/H/long,SLSQPEnsemble_4-models_opt-mae_1-windows,1280.1168633527743,1280.1168633527743,11.243345634681917,0.9362810110903735,1.9568092718926922,0.6473733256074143,6.959247132792005,35.778720817725926,0.21542753948600007,0.06769739751204817,0.05535292884957356,Nature,21
