dataset,model,eval_metrics/MSE[mean],eval_metrics/MSE[0.5],eval_metrics/MAE[0.5],eval_metrics/MASE[0.5],eval_metrics/MAPE[0.5],eval_metrics/sMAPE[0.5],eval_metrics/MSIS,eval_metrics/RMSE[mean],eval_metrics/NRMSE[mean],eval_metrics/ND[0.5],eval_metrics/mean_weighted_sum_quantile_loss,domain,num_variates
ett2/H/short,SLSQPEnsemble_4-models_opt-mae_1-windows,105.7567571915842,105.7567571915842,6.355972213982923,0.7351883686914638,0.120953895293791,0.1103686439658545,5.361251200800151,10.283810441251054,0.130427322411221,0.080611407797309,0.063924025872222,Energy,7
ett2/H/short,SLSQPEnsemble_4-models_opt-mae_1-windows,105.41380973224024,105.41380973224024,6.286476904479832,0.7280844340260008,0.1197529867503412,0.109445683481707,5.125797527630608,10.267122758214214,0.1302156761709314,0.0797300139608115,0.0632637437122635,Energy,7
ett2/H/short,SLSQPEnsemble_4-models_opt-mae_1-windows,105.41380973224025,105.41380973224025,6.286476904479832,0.7280844340260008,0.1197529867503412,0.10944568348170708,5.125797527630608,10.267122758214214,0.1302156761709314,0.07973001396081154,0.0632637437122635,Energy,7
