dataset,model,eval_metrics/MSE[mean],eval_metrics/MSE[0.5],eval_metrics/MAE[0.5],eval_metrics/MASE[0.5],eval_metrics/MAPE[0.5],eval_metrics/sMAPE[0.5],eval_metrics/MSIS,eval_metrics/RMSE[mean],eval_metrics/NRMSE[mean],eval_metrics/ND[0.5],eval_metrics/mean_weighted_sum_quantile_loss,domain,num_variates
ett1/15T/medium,SLSQPEnsemble_4-models_opt-mae_1-windows,8.988294789222572,8.988294789222572,1.5752799402045534,1.0004979115074957,0.7352174465619087,0.3916248610191303,7.224520147195089,2.998048496809645,0.5714310077902712,0.3002499141494175,0.2373124983013908,Energy,7
ett1/15T/medium,SLSQPEnsemble_4-models_opt-mae_1-windows,9.083479720068173,9.083479720068173,1.5716417523211237,0.9941575374742628,0.7406070430692262,0.3874833341668359,7.278442569982698,3.0138811721878107,0.5744487313717908,0.2995564719416044,0.2367970216975648,Energy,7
ett1/15T/medium,SLSQPEnsemble_4-models_opt-mae_1-windows,9.083479720068171,9.083479720068171,1.5716417523211237,0.9941575374742629,0.7406070430692262,0.38748333416683595,7.2784425699826985,3.0138811721878107,0.5744487313717908,0.2995564719416044,0.23679702169756484,Energy,7
