dataset,model,eval_metrics/MSE[mean],eval_metrics/MSE[0.5],eval_metrics/MAE[0.5],eval_metrics/MASE[0.5],eval_metrics/MAPE[0.5],eval_metrics/sMAPE[0.5],eval_metrics/MSIS,eval_metrics/RMSE[mean],eval_metrics/NRMSE[mean],eval_metrics/ND[0.5],eval_metrics/mean_weighted_sum_quantile_loss,domain,num_variates
solar/H/medium,SLSQPEnsemble_4-models_opt-mae_1-windows,499.5249099474461,499.5249099474461,10.003362472745556,0.7626485257828345,3.691779120351289,1.388874602742021,10.824734092580462,22.350053913748084,0.8051011279272522,0.3603444734832853,0.3058323921209976,Energy,1
solar/H/medium,SLSQPEnsemble_4-models_opt-mae_1-windows,498.8301168427368,498.8301168427368,9.95063142866309,0.7585987667920525,3.699244071406739,1.387775453883851,10.502934437378672,22.33450507270615,0.8045410223673671,0.3584449781518016,0.3033428076801547,Energy,1
solar/H/medium,SLSQPEnsemble_4-models_opt-mae_1-windows,498.83011684273674,498.83011684273674,9.95063142866309,0.7585987667920525,3.699244071406739,1.387775453883851,10.502934437378672,22.33450507270615,0.8045410223673671,0.3584449781518016,0.30334280768015476,Energy,1
