dataset,model,eval_metrics/MSE[mean],eval_metrics/MSE[0.5],eval_metrics/MAE[0.5],eval_metrics/MASE[0.5],eval_metrics/MAPE[0.5],eval_metrics/sMAPE[0.5],eval_metrics/MSIS,eval_metrics/RMSE[mean],eval_metrics/NRMSE[mean],eval_metrics/ND[0.5],eval_metrics/mean_weighted_sum_quantile_loss,domain,num_variates
ett2/D/short,SLSQPEnsemble_4-models_opt-mae_1-windows,102083.57860235006,102083.57860235006,190.4826771554384,1.2726251719645136,0.4333129300629805,0.1320190409432781,12.471664019603026,319.5052090378967,0.1828612609929816,0.109018261851972,0.0914868299901755,Energy,7
ett2/D/short,SLSQPEnsemble_4-models_opt-mae_1-windows,102081.24032275092,102081.24032275092,190.4806943721941,1.2726149595996326,0.4333022353513518,0.1320189527492829,12.472118132138714,319.50154979710334,0.1828591667129298,0.1090171270528073,0.0914876668636042,Energy,7
ett2/D/short,SLSQPEnsemble_4-models_opt-mae_1-windows,102081.24032275092,102081.24032275092,190.48069437219414,1.2726149595996326,0.43330223535135187,0.13201895274928296,12.472118132138714,319.50154979710334,0.18285916671292982,0.10901712705280737,0.09148766686360424,Energy,7
