dataset,model,eval_metrics/MSE[mean],eval_metrics/MSE[0.5],eval_metrics/MAE[0.5],eval_metrics/MASE[0.5],eval_metrics/MAPE[0.5],eval_metrics/sMAPE[0.5],eval_metrics/MSIS,eval_metrics/RMSE[mean],eval_metrics/NRMSE[mean],eval_metrics/ND[0.5],eval_metrics/mean_weighted_sum_quantile_loss,domain,num_variates
temperature_rain/D/short,SLSQPEnsemble_4-models_opt-mae_1-windows,176.52040868900266,176.52040868900266,5.752781804146936,1.347399379317326,32.75962804135886,1.4708602648029616,23.22995529541528,13.286098324527131,1.5641250486436091,0.6772545181783192,0.5643019543671371,Nature,1
temperature_rain/D/short,SLSQPEnsemble_4-models_opt-mae_1-windows,176.52040868900266,176.52040868900266,5.752781804146936,1.347399379317326,32.75962804135886,1.4708602648029616,23.22995529541528,13.286098324527131,1.5641250486436091,0.6772545181783192,0.5643019543671371,Nature,1
temperature_rain/D/short,SLSQPEnsemble_4-models_opt-mae_1-windows,176.52040868900266,176.52040868900266,5.752781804146936,1.347399379317326,32.75962804135886,1.4708602648029616,23.229955295415277,13.286098324527131,1.5641250486436091,0.6772545181783192,0.5643019543671371,Nature,1
