dataset,model,eval_metrics/MSE[mean],eval_metrics/MSE[0.5],eval_metrics/MAE[0.5],eval_metrics/MASE[0.5],eval_metrics/MAPE[0.5],eval_metrics/sMAPE[0.5],eval_metrics/MSIS,eval_metrics/RMSE[mean],eval_metrics/NRMSE[mean],eval_metrics/ND[0.5],eval_metrics/mean_weighted_sum_quantile_loss,domain,num_variates
electricity/D/short,SLSQPEnsemble_4-models_opt-mae_1-windows,1546745592.011171,1546745592.011171,4397.210717097388,1.4106437256296025,0.3957348530186886,0.0950358411247451,11.77795378825775,39328.68662962407,0.6463009337947578,0.0722607754313285,0.0567822347921776,Energy,1
electricity/D/short,SLSQPEnsemble_4-models_opt-mae_1-windows,1310236151.5788417,1310236151.5788417,4093.022190342042,1.3891508747932138,0.3701864354070286,0.0940361929366473,11.465952885314788,36197.184304567694,0.5948399507234364,0.0672619477119318,0.053136928298388,Energy,1
electricity/D/short,SLSQPEnsemble_4-models_opt-mae_1-windows,1310236151.5788417,1310236151.5788417,4093.022190342042,1.3891508747932138,0.3701864354070286,0.09403619293664738,11.465952885314787,36197.184304567694,0.5948399507234364,0.06726194771193184,0.05313692829838808,Energy,1
