dataset,model,eval_metrics/MSE[mean],eval_metrics/MSE[0.5],eval_metrics/MAE[0.5],eval_metrics/MASE[0.5],eval_metrics/MAPE[0.5],eval_metrics/sMAPE[0.5],eval_metrics/MSIS,eval_metrics/RMSE[mean],eval_metrics/NRMSE[mean],eval_metrics/ND[0.5],eval_metrics/mean_weighted_sum_quantile_loss,domain,num_variates
sz_taxi/15T/medium,SLSQPEnsemble_4-models_opt-mae_1-windows,16.362760567368777,16.362760567368777,2.792047147862516,0.5447595814524836,10055204559173.805,0.4106710733168182,4.372958237888406,4.045090922015076,0.3764632143210142,0.2598465804809481,0.2093742459646994,Transport,1
sz_taxi/15T/medium,SLSQPEnsemble_4-models_opt-mae_1-windows,16.397993589681665,16.397993589681665,2.7656723787957924,0.5392495346568303,10388049975606.172,0.4057347232185184,4.021491593698658,4.0494436148292845,0.3768683050246301,0.257391968080076,0.2044792367904615,Transport,1
sz_taxi/15T/medium,SLSQPEnsemble_4-models_opt-mae_1-windows,16.397993589681665,16.397993589681665,2.7656723787957924,0.5392495346568303,10388049975606.172,0.40573472321851844,4.021491593698658,4.0494436148292845,0.3768683050246301,0.25739196808007603,0.20447923679046154,Transport,1
