dataset,model,eval_metrics/MSE[mean],eval_metrics/MSE[0.5],eval_metrics/MAE[0.5],eval_metrics/MASE[0.5],eval_metrics/MAPE[0.5],eval_metrics/sMAPE[0.5],eval_metrics/MSIS,eval_metrics/RMSE[mean],eval_metrics/NRMSE[mean],eval_metrics/ND[0.5],eval_metrics/mean_weighted_sum_quantile_loss,domain,num_variates
jena_weather/10T/long,SLSQPEnsemble_4-models_opt-mae_1-windows,1391.969884743414,1391.969884743414,9.943142201766433,0.6479700645223383,0.7747453249120275,0.6478531536818536,6.752095351546663,37.30911262337144,0.2283008547033591,0.0608437913282962,0.0499397946851911,Nature,21
jena_weather/10T/long,SLSQPEnsemble_4-models_opt-mae_1-windows,1413.3063617697908,1413.3063617697908,9.551432740893611,0.6122456447811694,0.6520412481195084,0.6442841987909391,6.451736570478798,37.593967092736975,0.2300439280237758,0.0584468540005337,0.0489318814670195,Nature,21
jena_weather/10T/long,SLSQPEnsemble_4-models_opt-mae_1-windows,1413.3063617697908,1413.3063617697908,9.551432740893611,0.6122456447811694,0.6520412481195084,0.6442841987909391,6.451736570478798,37.593967092736975,0.23004392802377588,0.0584468540005337,0.04893188146701957,Nature,21
