dataset,model,eval_metrics/MSE[mean],eval_metrics/MSE[0.5],eval_metrics/MAE[0.5],eval_metrics/MASE[0.5],eval_metrics/MAPE[0.5],eval_metrics/sMAPE[0.5],eval_metrics/MSIS,eval_metrics/RMSE[mean],eval_metrics/NRMSE[mean],eval_metrics/ND[0.5],eval_metrics/mean_weighted_sum_quantile_loss,domain,num_variates
electricity/15T/medium,SLSQPEnsemble_4-models_opt-mae_1-windows,258211.83681162403,258211.83681162403,53.687765828365656,0.8245947390746483,0.1297039210763742,0.1310776583907524,8.19888900446662,508.1454878394809,0.8755858233699768,0.09250942451067,0.0753277595613649,Energy,1
electricity/15T/medium,SLSQPEnsemble_4-models_opt-mae_1-windows,256799.92726779493,256799.92726779493,52.95422581946678,0.8183968653105004,0.1270506405731044,0.1292252499510159,7.968568186639631,506.75430661001286,0.8731886780810563,0.0912454612402347,0.0743336255534632,Energy,1
electricity/15T/medium,SLSQPEnsemble_4-models_opt-mae_1-windows,256799.92726779493,256799.92726779493,52.95422581946678,0.8183968653105004,0.12705064057310442,0.12922524995101592,7.968568186639631,506.75430661001286,0.8731886780810563,0.0912454612402347,0.07433362555346326,Energy,1
