dataset,model,eval_metrics/MSE[mean],eval_metrics/MSE[0.5],eval_metrics/MAE[0.5],eval_metrics/MASE[0.5],eval_metrics/MAPE[0.5],eval_metrics/sMAPE[0.5],eval_metrics/MSIS,eval_metrics/RMSE[mean],eval_metrics/NRMSE[mean],eval_metrics/ND[0.5],eval_metrics/mean_weighted_sum_quantile_loss,domain,num_variates
jena_weather/10T/medium,SLSQPEnsemble_4-models_opt-mae_1-windows,1391.0387152086992,1391.0387152086992,9.500897214728734,0.6036233591410026,0.7508030020298183,0.6532795304934579,5.906841448367303,37.29663141905311,0.2288887894206012,0.0583068437858411,0.0478563178857769,Nature,21
jena_weather/10T/medium,SLSQPEnsemble_4-models_opt-mae_1-windows,1407.2410904796498,1407.2410904796498,9.377285424495952,0.5972565331656324,0.6959833474698848,0.6521658010035558,5.823505751373466,37.51321221222797,0.2302179420457958,0.0575482403423665,0.0474715553844336,Nature,21
jena_weather/10T/medium,SLSQPEnsemble_4-models_opt-mae_1-windows,1407.2410904796498,1407.2410904796498,9.377285424495952,0.5972565331656324,0.6959833474698848,0.6521658010035558,5.823505751373466,37.51321221222797,0.23021794204579585,0.05754824034236655,0.047471555384433636,Nature,21
