dataset,model,eval_metrics/MSE[mean],eval_metrics/MSE[0.5],eval_metrics/MAE[0.5],eval_metrics/MASE[0.5],eval_metrics/MAPE[0.5],eval_metrics/sMAPE[0.5],eval_metrics/MSIS,eval_metrics/RMSE[mean],eval_metrics/NRMSE[mean],eval_metrics/ND[0.5],eval_metrics/mean_weighted_sum_quantile_loss,domain,num_variates
saugeen/D/short,SLSQPEnsemble_4-models_opt-mae_1-windows,1031.5233974182452,1031.5233974182452,11.895069520179169,2.6424582210379017,0.2663603930496425,0.3057958535062663,33.2974546647073,32.11733795659667,1.040288228865132,0.3852841359423193,0.32765545888474,Nature,1
saugeen/D/short,SLSQPEnsemble_4-models_opt-mae_1-windows,1030.9566111227878,1030.9566111227878,11.88861184700044,2.641029403274955,0.266473865700525,0.3055430856353438,33.65334761399579,32.108513063092595,1.040002388461868,0.38507497036942,0.3277945809770827,Nature,1
saugeen/D/short,SLSQPEnsemble_4-models_opt-mae_1-windows,1030.9566111227878,1030.9566111227878,11.888611847000439,2.641029403274955,0.26647386570052506,0.3055430856353438,33.65334761399579,32.108513063092595,1.040002388461868,0.38507497036942,0.32779458097708275,Nature,1
