dataset,model,eval_metrics/MSE[mean],eval_metrics/MSE[0.5],eval_metrics/MAE[0.5],eval_metrics/MASE[0.5],eval_metrics/MAPE[0.5],eval_metrics/sMAPE[0.5],eval_metrics/MSIS,eval_metrics/RMSE[mean],eval_metrics/NRMSE[mean],eval_metrics/ND[0.5],eval_metrics/mean_weighted_sum_quantile_loss,domain,num_variates
bitbrains_rnd/5T/medium,SLSQPEnsemble_4-models_opt-mae_1-windows,2251886.680705824,2251886.680705824,163.1711631312817,4.42826645607712,1.1751768168164711,0.7488580773559116,161.4210174306872,1500.628761788146,6.313910225472907,0.6865442683967125,0.6420644653645806,Web/CloudOps,2
bitbrains_rnd/5T/medium,SLSQPEnsemble_4-models_opt-mae_1-windows,2294241.9907189016,2294241.9907189016,149.92567995667744,4.395132236837041,0.6484126517874336,0.7187931538361844,163.10920874142002,1514.6755397506429,6.373012181446797,0.6308137680977519,0.6020309229084576,Web/CloudOps,2
bitbrains_rnd/5T/medium,SLSQPEnsemble_4-models_opt-mae_1-windows,2294241.9907189016,2294241.9907189016,149.92567995667744,4.395132236837041,0.6484126517874336,0.7187931538361844,163.10920874142002,1514.6755397506429,6.373012181446797,0.6308137680977519,0.6020309229084576,Web/CloudOps,2
