dataset,model,eval_metrics/MSE[mean],eval_metrics/MSE[0.5],eval_metrics/MAE[0.5],eval_metrics/MASE[0.5],eval_metrics/MAPE[0.5],eval_metrics/sMAPE[0.5],eval_metrics/MSIS,eval_metrics/RMSE[mean],eval_metrics/NRMSE[mean],eval_metrics/ND[0.5],eval_metrics/mean_weighted_sum_quantile_loss,domain,num_variates
bitbrains_fast_storage/H/short,SLSQPEnsemble_4-models_opt-mae_1-windows,2569103.753554212,2569103.753554212,301.4435648624118,1.040434693790682,3.908088776632593,0.5853719411714781,20.32130332414141,1602.8423982270408,4.568621434959086,0.8592120681261252,0.6494165340548608,Web/CloudOps,2
bitbrains_fast_storage/H/short,SLSQPEnsemble_4-models_opt-mae_1-windows,2779225.09336617,2779225.09336617,281.781542593404,1.0015265868988574,3.535935780540812,0.5809526092880982,20.80261304432948,1667.1008048004085,4.751778764695392,0.8031689184738613,0.5979409184574221,Web/CloudOps,2
bitbrains_fast_storage/H/short,SLSQPEnsemble_4-models_opt-mae_1-windows,2779225.09336617,2779225.09336617,281.781542593404,1.0015265868988574,3.535935780540812,0.5809526092880982,20.802613044329476,1667.1008048004085,4.751778764695392,0.8031689184738613,0.5979409184574221,Web/CloudOps,2
