dataset,model,eval_metrics/MSE[mean],eval_metrics/MSE[0.5],eval_metrics/MAE[0.5],eval_metrics/MASE[0.5],eval_metrics/MAPE[0.5],eval_metrics/sMAPE[0.5],eval_metrics/MSIS,eval_metrics/RMSE[mean],eval_metrics/NRMSE[mean],eval_metrics/ND[0.5],eval_metrics/mean_weighted_sum_quantile_loss,domain,num_variates
m4_hourly/H/short,SLSQPEnsemble_4-models_opt-mse_1-windows,641919.4798425286,641919.4798425286,170.4427569711048,0.8004744250253835,0.0979820999483084,0.088289379710544,8.155226775059797,801.1987767355419,0.1093813321474959,0.0232692015436577,0.0189799285319636,Econ/Fin,1
m4_hourly/H/short,SLSQPEnsemble_4-models_opt-mse_1-windows,641919.4798425286,641919.4798425286,170.4427569711048,0.8004744250253835,0.09798209994830841,0.08828937971054408,8.155226775059797,801.1987767355419,0.1093813321474959,0.02326920154365771,0.018979928531963643,Econ/Fin,1
