dataset,model,eval_metrics/MSE[mean],eval_metrics/MSE[0.5],eval_metrics/MAE[0.5],eval_metrics/MASE[0.5],eval_metrics/MAPE[0.5],eval_metrics/sMAPE[0.5],eval_metrics/MSIS,eval_metrics/RMSE[mean],eval_metrics/NRMSE[mean],eval_metrics/ND[0.5],eval_metrics/mean_weighted_sum_quantile_loss,domain,num_variates
ett1/H/long,SLSQPEnsemble_4-models_opt-mae_1-windows,136.19836045699552,136.19836045699552,6.980750071524069,1.38164253817096,2854503827620.82,0.4871803181535533,11.865521781273252,11.67040532530878,0.5588704346859588,0.3342930016703144,0.2669796606351844,Energy,7
ett1/H/long,SLSQPEnsemble_4-models_opt-mae_1-windows,141.6574854345957,141.6574854345957,6.973736550752923,1.3768374899581568,3228609778864.7715,0.4770148913642958,14.986035778252935,11.90199501909641,0.5699607635329953,0.3339571393508156,0.2729337996700853,Energy,7
ett1/H/long,SLSQPEnsemble_4-models_opt-mae_1-windows,141.6574854345957,141.6574854345957,6.973736550752923,1.3768374899581568,3228609778864.7715,0.47701489136429587,14.986035778252937,11.90199501909641,0.5699607635329953,0.33395713935081567,0.2729337996700853,Energy,7
