dataset,model,eval_metrics/MSE[mean],eval_metrics/MSE[0.5],eval_metrics/MAE[0.5],eval_metrics/MASE[0.5],eval_metrics/MAPE[0.5],eval_metrics/sMAPE[0.5],eval_metrics/MSIS,eval_metrics/RMSE[mean],eval_metrics/NRMSE[mean],eval_metrics/ND[0.5],eval_metrics/mean_weighted_sum_quantile_loss,domain,num_variates
kdd_cup_2018/D/short,SLSQPEnsemble_4-models_opt-mae_1-windows,2826.7416505885594,2826.7416505885594,20.758450592049744,1.1785667255894032,0.530731575598392,0.4593659396311289,9.511314207834332,53.16711060974218,1.190999764815433,0.4650113479842517,0.3708262426940654,Nature,1
kdd_cup_2018/D/short,SLSQPEnsemble_4-models_opt-mae_1-windows,2913.4066602392986,2913.4066602392986,21.249056110004688,1.1994277951927004,0.5267550617759301,0.4678142712665036,9.220654096006363,53.975982253584775,1.2091193490195418,0.4760014328280654,0.3767961255404672,Nature,1
kdd_cup_2018/D/short,SLSQPEnsemble_4-models_opt-mae_1-windows,2913.4066602392986,2913.4066602392986,21.249056110004688,1.1994277951927004,0.5267550617759301,0.46781427126650366,9.220654096006363,53.975982253584775,1.2091193490195418,0.47600143282806545,0.37679612554046726,Nature,1
