dataset,model,eval_metrics/MSE[mean],eval_metrics/MSE[0.5],eval_metrics/MAE[0.5],eval_metrics/MASE[0.5],eval_metrics/MAPE[0.5],eval_metrics/sMAPE[0.5],eval_metrics/MSIS,eval_metrics/RMSE[mean],eval_metrics/NRMSE[mean],eval_metrics/ND[0.5],eval_metrics/mean_weighted_sum_quantile_loss,domain,num_variates
covid_deaths/D/short,SLSQPEnsemble_4-models_opt-mae_1-windows,946576.0594440677,946576.0594440677,178.05488392602007,40.86691483329427,0.1115732579445282,0.3924419886668374,823.3397872501394,972.9214045564356,0.3660663959844817,0.0669940134331298,0.0545296166296885,Healthcare,1
covid_deaths/D/short,SLSQPEnsemble_4-models_opt-mae_1-windows,342904.56384074286,342904.56384074286,100.1896590572748,37.47947933389218,0.0965319079490478,0.3782902809200588,876.7651007466345,585.5805357427301,0.2203275159474291,0.0376968450218561,0.0307462705997552,Healthcare,1
covid_deaths/D/short,SLSQPEnsemble_4-models_opt-mae_1-windows,342904.56384074286,342904.56384074286,100.18965905727481,37.47947933389218,0.09653190794904784,0.37829028092005884,876.7651007466345,585.5805357427301,0.2203275159474291,0.03769684502185616,0.030746270599755217,Healthcare,1
