dataset,model,eval_metrics/MSE[mean],eval_metrics/MSE[0.5],eval_metrics/MAE[0.5],eval_metrics/MASE[0.5],eval_metrics/MAPE[0.5],eval_metrics/sMAPE[0.5],eval_metrics/MSIS,eval_metrics/RMSE[mean],eval_metrics/NRMSE[mean],eval_metrics/ND[0.5],eval_metrics/mean_weighted_sum_quantile_loss,domain,num_variates
solar/H/long,SLSQPEnsemble_4-models_opt-mae_1-windows,426.46711425706127,426.46711425706127,9.870361854647289,0.7500507878557832,4.27743601564824,1.3846984680199528,11.080525718258649,20.65108022010136,0.7160106732690289,0.3422234750739959,0.2928371188766824,Energy,1
solar/H/long,SLSQPEnsemble_4-models_opt-mae_1-windows,426.4671142626599,426.4671142626599,9.870361854942889,0.7500507878824028,4.2774360156540085,1.3846984680237016,11.080525724983126,20.651080220236903,0.7160106732737287,0.3422234750842449,0.2928371189004242,Energy,1
solar/H/long,SLSQPEnsemble_4-models_opt-mae_1-windows,426.4671142626599,426.4671142626599,9.870361854942889,0.7500507878824028,4.2774360156540085,1.3846984680237016,11.080525724983126,20.651080220236903,0.7160106732737287,0.34222347508424494,0.29283711890042424,Energy,1
