dataset,model,eval_metrics/MSE[mean],eval_metrics/MSE[0.5],eval_metrics/MAE[0.5],eval_metrics/MASE[0.5],eval_metrics/MAPE[0.5],eval_metrics/sMAPE[0.5],eval_metrics/MSIS,eval_metrics/RMSE[mean],eval_metrics/NRMSE[mean],eval_metrics/ND[0.5],eval_metrics/mean_weighted_sum_quantile_loss,domain,num_variates
bizitobs_application/10S/medium,SLSQPEnsemble_4-models_opt-mae_1-windows,3447364.1907373285,3447364.1907373285,1019.2636179084316,2.2101748962682923,0.0314365180390667,0.0321749682239558,13.177325790337305,1856.7078905248743,0.0729074542430754,0.0400234824031922,0.0329988227031535,Web/CloudOps,2
bizitobs_application/10S/medium,SLSQPEnsemble_4-models_opt-mae_1-windows,3495817.86057723,3495817.86057723,1025.546601763838,2.2177557437431656,0.0315628152724123,0.032317572732557,12.931682943381317,1869.710635520168,0.0734180337696754,0.0402701966872676,0.0329962295751365,Web/CloudOps,2
bizitobs_application/10S/medium,SLSQPEnsemble_4-models_opt-mae_1-windows,3495817.86057723,3495817.86057723,1025.546601763838,2.2177557437431656,0.03156281527241235,0.03231757273255701,12.931682943381317,1869.710635520168,0.07341803376967547,0.040270196687267654,0.03299622957513652,Web/CloudOps,2
