dataset,model,eval_metrics/MSE[mean],eval_metrics/MSE[0.5],eval_metrics/MAE[0.5],eval_metrics/MASE[0.5],eval_metrics/MAPE[0.5],eval_metrics/sMAPE[0.5],eval_metrics/MSIS,eval_metrics/RMSE[mean],eval_metrics/NRMSE[mean],eval_metrics/ND[0.5],eval_metrics/mean_weighted_sum_quantile_loss,domain,num_variates
jena_weather/D/short,SLSQPEnsemble_4-models_opt-mae_1-windows,357.4572769437786,357.4572769437786,9.331520318976215,0.9698103916691472,0.6633845327697208,0.4310884726466666,6.22886516781403,18.906540586362663,0.1138482756376488,0.0561910039830036,0.0440469802585485,Nature,21
jena_weather/D/short,SLSQPEnsemble_4-models_opt-mae_1-windows,362.6317829991788,362.6317829991788,9.35713840691004,0.975250233017622,0.6556259770095364,0.4332886369554651,6.22124975679927,19.042893241290272,0.1146693414783939,0.0563452667431885,0.0441438679342746,Nature,21
jena_weather/D/short,SLSQPEnsemble_4-models_opt-mae_1-windows,362.63178299917877,362.63178299917877,9.357138406910039,0.9752502330176221,0.6556259770095364,0.4332886369554651,6.22124975679927,19.042893241290272,0.11466934147839396,0.05634526674318853,0.044143867934274675,Nature,21
