dataset,model,eval_metrics/MSE[mean],eval_metrics/MSE[0.5],eval_metrics/MAE[0.5],eval_metrics/MASE[0.5],eval_metrics/MAPE[0.5],eval_metrics/sMAPE[0.5],eval_metrics/MSIS,eval_metrics/RMSE[mean],eval_metrics/NRMSE[mean],eval_metrics/ND[0.5],eval_metrics/mean_weighted_sum_quantile_loss,domain,num_variates
ett1/W/short,SLSQPEnsemble_4-models_opt-mae_1-windows,1204950.7191488987,1204950.7191488987,891.2313921536718,1.553034281501642,0.6922229610963881,0.527527712241829,7.830594554198005,1097.7024729629147,0.4368020136789756,0.3546422426250584,0.2594456969356752,Energy,7
ett1/W/short,SLSQPEnsemble_4-models_opt-mae_1-windows,997635.5580927164,997635.5580927164,808.0583990226106,1.444407040688308,0.6404483507313222,0.5087782005991076,8.257675643352277,998.8170793957804,0.3974531554068657,0.3215457235060908,0.2401639989190226,Energy,7
ett1/W/short,SLSQPEnsemble_4-models_opt-mae_1-windows,997635.5580927164,997635.5580927164,808.0583990226106,1.444407040688308,0.6404483507313222,0.5087782005991076,8.257675643352277,998.8170793957803,0.3974531554068657,0.32154572350609084,0.24016399891902265,Energy,7
