dataset,model,eval_metrics/MSE[mean],eval_metrics/MSE[0.5],eval_metrics/MAE[0.5],eval_metrics/MASE[0.5],eval_metrics/MAPE[0.5],eval_metrics/sMAPE[0.5],eval_metrics/MSIS,eval_metrics/RMSE[mean],eval_metrics/NRMSE[mean],eval_metrics/ND[0.5],eval_metrics/mean_weighted_sum_quantile_loss,domain,num_variates
ett1/15T/short,SLSQPEnsemble_4-models_opt-mse_1-windows,4.289811680686027,4.289811680686027,1.0319230088611242,0.6636168662611218,0.4754945722139395,0.23114886794131,4.710831428892334,2.071186056511106,0.3915403781246983,0.1950764026316698,0.1524439879629142,Energy,7
ett1/15T/short,SLSQPEnsemble_4-models_opt-mse_1-windows,4.289811680686027,4.289811680686027,1.0319230088611242,0.6636168662611218,0.4754945722139395,0.23114886794131,4.710831428892334,2.071186056511106,0.3915403781246983,0.1950764026316698,0.1524439879629142,Energy,7
ett1/15T/short,SLSQPEnsemble_4-models_opt-mse_1-windows,4.229774667129604,4.229774667129604,1.028352295610978,0.6619641079836014,0.4801761171871736,0.2306926583818121,4.678262624173296,2.0566415990953804,0.3887908702578075,0.1944013891958937,0.1516560725533978,Energy,7
ett1/15T/short,SLSQPEnsemble_4-models_opt-mse_1-windows,4.229774667129604,4.229774667129604,1.028352295610978,0.6619641079836014,0.4801761171871736,0.2306926583818121,4.678262624173296,2.0566415990953804,0.3887908702578075,0.1944013891958937,0.1516560725533978,Energy,7
ett1/15T/short,SLSQPEnsemble_4-models_opt-mse_1-windows,4.229774667129604,4.229774667129604,1.028352295610978,0.6619641079836014,0.4801761171871736,0.2306926583818121,4.678262624173296,2.0566415990953804,0.3887908702578075,0.1944013891958937,0.1516560725533978,Energy,7
ett1/15T/short,SLSQPEnsemble_4-models_opt-mse_1-windows,4.229774667129604,4.229774667129604,1.028352295610978,0.6619641079836014,0.4801761171871736,0.23069265838181216,4.678262624173296,2.0566415990953804,0.3887908702578075,0.19440138919589373,0.1516560725533978,Energy,7
