dataset,model,eval_metrics/MSE[mean],eval_metrics/MSE[0.5],eval_metrics/MAE[0.5],eval_metrics/MASE[0.5],eval_metrics/MAPE[0.5],eval_metrics/sMAPE[0.5],eval_metrics/MSIS,eval_metrics/RMSE[mean],eval_metrics/NRMSE[mean],eval_metrics/ND[0.5],eval_metrics/mean_weighted_sum_quantile_loss,domain,num_variates
saugeen/M/short,SLSQPEnsemble_4-models_opt-mae_1-windows,381.08932561726624,381.08932561726624,12.51138357885682,0.733121048568228,0.3879508969483786,0.3601311554342541,5.8070621426286975,19.52150930684577,0.5860942733709212,0.3756292688364772,0.3085590756298544,Nature,1
saugeen/M/short,SLSQPEnsemble_4-models_opt-mae_1-windows,391.1897608449184,391.1897608449184,12.18564115287917,0.7140334262363774,0.3491554993008458,0.3559032745547392,4.871663924034844,19.778517660454696,0.5938104351641005,0.3658495039905028,0.2975172108966668,Nature,1
saugeen/M/short,SLSQPEnsemble_4-models_opt-mae_1-windows,391.18976084491834,391.18976084491834,12.18564115287917,0.7140334262363774,0.3491554993008458,0.3559032745547392,4.871663924034844,19.778517660454696,0.5938104351641005,0.36584950399050287,0.2975172108966668,Nature,1
