dataset,model,eval_metrics/MSE[mean],eval_metrics/MSE[0.5],eval_metrics/MAE[0.5],eval_metrics/MASE[0.5],eval_metrics/MAPE[0.5],eval_metrics/sMAPE[0.5],eval_metrics/MSIS,eval_metrics/RMSE[mean],eval_metrics/NRMSE[mean],eval_metrics/ND[0.5],eval_metrics/mean_weighted_sum_quantile_loss,domain,num_variates
hospital/M/short,SLSQPEnsemble_4-models_opt-mae_1-windows,2892.3511400890743,2892.3511400890743,18.07133321774662,0.7655928794313842,0.1924155578375055,0.1740446596224151,5.374671610119886,53.78058330000777,0.1952360059925145,0.0656031360000551,0.0517207344981367,Healthcare,1
hospital/M/short,SLSQPEnsemble_4-models_opt-mae_1-windows,2768.1442627401075,2768.1442627401075,17.82553383971434,0.7587894777067001,0.1906441035165326,0.1725149048494108,5.014475509496088,52.61315674562882,0.1909979765071311,0.0647108271796995,0.0506785559691899,Healthcare,1
hospital/M/short,SLSQPEnsemble_4-models_opt-mae_1-windows,2768.1442627401075,2768.1442627401075,17.82553383971434,0.7587894777067001,0.19064410351653263,0.17251490484941082,5.014475509496088,52.61315674562882,0.19099797650713118,0.06471082717969956,0.05067855596918995,Healthcare,1
