dataset,model,eval_metrics/MSE[mean],eval_metrics/MSE[0.5],eval_metrics/MAE[0.5],eval_metrics/MASE[0.5],eval_metrics/MAPE[0.5],eval_metrics/sMAPE[0.5],eval_metrics/MSIS,eval_metrics/RMSE[mean],eval_metrics/NRMSE[mean],eval_metrics/ND[0.5],eval_metrics/mean_weighted_sum_quantile_loss,domain,num_variates
m_dense/H/short,SLSQPEnsemble_4-models_opt-mae_1-windows,37341.915172532026,37341.915172532026,84.27703167655436,0.7608842371248706,0.2801863229736041,0.2050118380909218,9.833930373752647,193.2405629585363,0.3427606326141801,0.1494864652122719,0.1248994802542223,Transport,1
m_dense/H/short,SLSQPEnsemble_4-models_opt-mae_1-windows,39024.14148434607,39024.14148434607,83.70825834716496,0.755510992777632,0.2781508873723182,0.2016169996316667,8.95355135649089,197.54528970427532,0.3503961457797949,0.1484776029774966,0.1234935354854132,Transport,1
m_dense/H/short,SLSQPEnsemble_4-models_opt-mae_1-windows,39024.14148434607,39024.14148434607,83.70825834716496,0.755510992777632,0.27815088737231825,0.20161699963166674,8.95355135649089,197.54528970427535,0.3503961457797949,0.1484776029774966,0.12349353548541323,Transport,1
