dataset,model,eval_metrics/MSE[mean],eval_metrics/MSE[0.5],eval_metrics/MAE[0.5],eval_metrics/MASE[0.5],eval_metrics/MAPE[0.5],eval_metrics/sMAPE[0.5],eval_metrics/MSIS,eval_metrics/RMSE[mean],eval_metrics/NRMSE[mean],eval_metrics/ND[0.5],eval_metrics/mean_weighted_sum_quantile_loss,domain,num_variates
solar/W/short,SLSQPEnsemble_4-models_opt-mae_1-windows,2257580.198506487,2257580.198506487,1209.8770677608295,1.3280955238693934,0.2788540277519494,0.2333218452428234,5.323373351375917,1502.5246082864955,0.30670283752041,0.2469661579495176,0.1836872686146261,Energy,1
solar/W/short,SLSQPEnsemble_4-models_opt-mae_1-windows,2803018.006374949,2803018.006374949,1348.5525624712898,1.4814405507930704,0.3121087931615433,0.2558233206841989,6.022524452237917,1674.2216120857329,0.341750488632782,0.2752732934783987,0.2145547005755829,Energy,1
solar/W/short,SLSQPEnsemble_4-models_opt-mae_1-windows,2803018.006374949,2803018.006374949,1348.5525624712898,1.4814405507930704,0.31210879316154333,0.25582332068419894,6.022524452237917,1674.2216120857327,0.34175048863278207,0.2752732934783987,0.21455470057558299,Energy,1
