dataset,model,eval_metrics/MSE[mean],eval_metrics/MSE[0.5],eval_metrics/MAE[0.5],eval_metrics/MASE[0.5],eval_metrics/MAPE[0.5],eval_metrics/sMAPE[0.5],eval_metrics/MSIS,eval_metrics/RMSE[mean],eval_metrics/NRMSE[mean],eval_metrics/ND[0.5],eval_metrics/mean_weighted_sum_quantile_loss,domain,num_variates
solar/H/short,SLSQPEnsemble_4-models_opt-mae_1-windows,535.4110395959765,535.4110395959765,9.946911043857291,0.7660412317365497,3.660423555693279,1.392731990726512,9.748189950657904,23.13895070213808,0.8529094304146607,0.3666464543708846,0.3092179709696275,Energy,1
solar/H/short,SLSQPEnsemble_4-models_opt-mae_1-windows,555.664517052796,555.664517052796,9.933451651320066,0.7649806400840393,3.845165387802522,1.3904704730295374,8.45838004707104,23.572537348635084,0.8688915786313035,0.3661503366786683,0.3037444641021886,Energy,1
solar/H/short,SLSQPEnsemble_4-models_opt-mae_1-windows,555.664517052796,555.664517052796,9.933451651320066,0.7649806400840393,3.8451653878025223,1.3904704730295374,8.45838004707104,23.572537348635084,0.8688915786313035,0.36615033667866836,0.3037444641021886,Energy,1
