dataset,model,eval_metrics/MSE[mean],eval_metrics/MSE[0.5],eval_metrics/MAE[0.5],eval_metrics/MASE[0.5],eval_metrics/MAPE[0.5],eval_metrics/sMAPE[0.5],eval_metrics/MSIS,eval_metrics/RMSE[mean],eval_metrics/NRMSE[mean],eval_metrics/ND[0.5],eval_metrics/mean_weighted_sum_quantile_loss,domain,num_variates
loop_seattle/D/short,SLSQPEnsemble_4-models_opt-mae_1-windows,17.301882336294227,17.301882336294227,2.8465200641099364,0.8615865558227817,0.0528734425161441,0.0524841746711485,8.135013140921773,4.159553141419668,0.074336770276894,0.0508711154540244,0.041759396150805,Transport,1
loop_seattle/D/short,SLSQPEnsemble_4-models_opt-mae_1-windows,17.62097887292864,17.62097887292864,2.8594960471094404,0.8644841485770003,0.0529781790573466,0.0527491924089247,8.043868542564386,4.197734969352953,0.0750191305390014,0.0511030136013869,0.0419264847214928,Transport,1
loop_seattle/D/short,SLSQPEnsemble_4-models_opt-mae_1-windows,17.62097887292864,17.62097887292864,2.8594960471094404,0.8644841485770003,0.05297817905734663,0.05274919240892479,8.043868542564386,4.197734969352953,0.0750191305390014,0.05110301360138696,0.04192648472149284,Transport,1
