dataset,model,eval_metrics/MSE[mean],eval_metrics/MSE[0.5],eval_metrics/MAE[0.5],eval_metrics/MASE[0.5],eval_metrics/MAPE[0.5],eval_metrics/sMAPE[0.5],eval_metrics/MSIS,eval_metrics/RMSE[mean],eval_metrics/NRMSE[mean],eval_metrics/ND[0.5],eval_metrics/mean_weighted_sum_quantile_loss,domain,num_variates
m4_yearly/A/short,SLSQPEnsemble_4-models_opt-mae_1-windows,3642814.8048649314,3642814.8048649314,917.6512301377024,3.4826209364473013,0.1708365607955441,0.1528446332962355,32.639114286185944,1908.615939592073,0.3060554119364441,0.1471496278679332,0.1197443264359071,Econ/Fin,1
m4_yearly/A/short,SLSQPEnsemble_4-models_opt-mae_1-windows,3642814.8048649314,3642814.8048649314,917.6512301377024,3.4826209364473013,0.1708365607955441,0.1528446332962355,32.639114286185944,1908.615939592073,0.3060554119364441,0.1471496278679332,0.1197443264359071,Econ/Fin,1
m4_yearly/A/short,SLSQPEnsemble_4-models_opt-mae_1-windows,3459406.444079591,3459406.444079591,890.003251121658,3.370322762887465,0.1715882598527667,0.1470069680564365,29.63329477881776,1859.9479681108264,0.2982512771438846,0.1427161462902962,0.1146678666176733,Econ/Fin,1
m4_yearly/A/short,SLSQPEnsemble_4-models_opt-mae_1-windows,3459406.444079591,3459406.444079591,890.003251121658,3.370322762887465,0.1715882598527667,0.1470069680564365,29.63329477881776,1859.9479681108264,0.2982512771438846,0.1427161462902962,0.1146678666176733,Econ/Fin,1
m4_yearly/A/short,SLSQPEnsemble_4-models_opt-mae_1-windows,3459406.444079591,3459406.444079591,890.003251121658,3.3703227628874655,0.1715882598527667,0.14700696805643654,29.633294778817756,1859.9479681108262,0.29825127714388466,0.14271614629029628,0.11466786661767331,Econ/Fin,1
