dataset,model,eval_metrics/MSE[mean],eval_metrics/MSE[0.5],eval_metrics/MAE[0.5],eval_metrics/MASE[0.5],eval_metrics/MAPE[0.5],eval_metrics/sMAPE[0.5],eval_metrics/MSIS,eval_metrics/RMSE[mean],eval_metrics/NRMSE[mean],eval_metrics/ND[0.5],eval_metrics/mean_weighted_sum_quantile_loss,domain,num_variates
bitbrains_rnd/5T/long,SLSQPEnsemble_4-models_opt-mae_1-windows,2276589.0348717347,2276589.0348717347,183.24462089524343,3.3588878711056926,2.129154094777298,0.7329270052441637,118.1982248516004,1508.836980880219,5.780014679093372,0.7019688754059572,0.6263350911300489,Web/CloudOps,2
bitbrains_rnd/5T/long,SLSQPEnsemble_4-models_opt-mae_1-windows,2213588.9193892884,2213588.9193892884,166.34467423186672,3.3367110864421483,1.4569769821486105,0.7132188900612295,123.0641635224794,1487.8134692861497,5.699478340734989,0.6372289856577439,0.6007303050040745,Web/CloudOps,2
bitbrains_rnd/5T/long,SLSQPEnsemble_4-models_opt-mae_1-windows,2213588.9193892884,2213588.9193892884,166.34467423186672,3.3367110864421483,1.4569769821486103,0.7132188900612295,123.06416352247939,1487.8134692861495,5.699478340734989,0.6372289856577439,0.6007303050040745,Web/CloudOps,2
