dataset,model,eval_metrics/MSE[mean],eval_metrics/MSE[0.5],eval_metrics/MAE[0.5],eval_metrics/MASE[0.5],eval_metrics/MAPE[0.5],eval_metrics/sMAPE[0.5],eval_metrics/MSIS,eval_metrics/RMSE[mean],eval_metrics/NRMSE[mean],eval_metrics/ND[0.5],eval_metrics/mean_weighted_sum_quantile_loss,domain,num_variates
ett2/15T/short,SLSQPEnsemble_4-models_opt-mae_1-windows,6.965990230426873,6.965990230426873,1.6935491153727398,0.7397563344705177,0.1067128829741992,0.1264256819669127,5.2398207487433375,2.6393162429740915,0.1252977347627719,0.08039880345168,0.0633214632594501,Energy,7
ett2/15T/short,SLSQPEnsemble_4-models_opt-mae_1-windows,6.980343498987676,6.980343498987676,1.652587173814178,0.7282345325553637,0.1066214529050341,0.1258000382020566,5.228819303631263,2.64203397006694,0.1254267549396241,0.078454194311932,0.0625442587376319,Energy,7
ett2/15T/short,SLSQPEnsemble_4-models_opt-mae_1-windows,6.980343498987676,6.980343498987676,1.652587173814178,0.7282345325553637,0.10662145290503418,0.1258000382020566,5.228819303631263,2.6420339700669397,0.1254267549396241,0.07845419431193204,0.06254425873763192,Energy,7
